{
    "AUROC": 0.9934543486564391,
    "AUPRC": 0.838120269285489,
    "F1": 0.8086164043082021,
    "Recall": 0.953125,
    "ACC": 0.98590087890625,
    "Best_Threshold": 0.0003233477473258972
}