{
    "AUROC": 0.9346354166666666,
    "AUPRC": 0.7221259708880178,
    "F1": 0.6946107784431138,
    "Recall": 0.9666666666666667,
    "ACC": 0.8657894736842106,
    "Best_Threshold": 0.0016264670994132757
}