{
    "AUROC": 0.5,
    "AUPRC": 0.0,
    "F1": 0.6666666666666666,
    "Recall": 0.5,
    "ACC": 0.5,
    "Best_Threshold": 0.08509982377290726
}